{
  "org.primesoft.gm.b0.p0.o1": {
    "category": "record",
    "sounds": [
      {
        "name": "org/primesoft/gm/bank0/0/g1"
      }
    ]
  },
  "org.primesoft.gm.b0.p0.o3": {
    "category": "record",
    "sounds": [
      {
        "name": "org/primesoft/gm/bank0/0/g3"
      }
    ]
  },
  "org.primesoft.gm.b0.p0.o5": {
    "category": "record",
    "sounds": [
      {
        "name": "org/primesoft/gm/bank0/0/g5"
      }
    ]
  },
  "org.primesoft.gm.b0.p0.o7": {
    "category": "record",
    "sounds": [
      {
        "name": "org/primesoft/gm/bank0/0/g7"
      }
    ]
  }
}